url_path,page_title,meta_description,h1,content_file
"/","Commercial Real Estate, Metro Vancouver | HomeQuest","Commercial space for lease, property and businesses for sale in Metro Vancouver and the Fraser Valley, with monthly costs and zoning on every listing.","Commercial real estate for lease and sale in Metro Vancouver","pages/home.html"
"/commercial-space-for-lease/","Commercial space for lease | HomeQuest","Find commercial space for lease in Metro Vancouver and the Fraser Valley. Compare monthly costs, zoning and locations, and book a viewing with a local…","Commercial space for lease in Metro Vancouver and the Fraser Valley","pages/commercial-space-for-lease.html"
"/commercial-space-for-lease-abbotsford/","Commercial space for lease in Abbotsford, BC | HomeQuest","Find commercial space for lease in Abbotsford, BC. Compare monthly costs, zoning and locations, and book a viewing with a local HomeQuest advisor.","Commercial space for lease in Abbotsford, BC","pages/commercial-space-for-lease-abbotsford.html"
"/commercial-space-for-lease-burnaby/","Commercial space for lease in Burnaby, BC | HomeQuest","Find commercial space for lease in Burnaby, BC. Compare monthly costs, zoning and locations, and book a viewing with a local HomeQuest advisor.","Commercial space for lease in Burnaby, BC","pages/commercial-space-for-lease-burnaby.html"
"/commercial-space-for-lease-coquitlam/","Commercial space for lease in Coquitlam, BC | HomeQuest","Find commercial space for lease in Coquitlam, BC. Compare monthly costs, zoning and locations, and book a viewing with a local HomeQuest advisor.","Commercial space for lease in Coquitlam, BC","pages/commercial-space-for-lease-coquitlam.html"
"/commercial-space-for-lease-delta/","Commercial space for lease in Delta, BC | HomeQuest","Find commercial space for lease in Delta, BC. Compare monthly costs, zoning and locations, and book a viewing with a local HomeQuest advisor.","Commercial space for lease in Delta, BC","pages/commercial-space-for-lease-delta.html"
"/commercial-space-for-lease-langley/","Commercial space for lease in Langley, BC | HomeQuest","Find commercial space for lease in Langley, BC. Compare monthly costs, zoning and locations, and book a viewing with a local HomeQuest advisor.","Commercial space for lease in Langley, BC","pages/commercial-space-for-lease-langley.html"
"/commercial-space-for-lease-new-westminster/","Commercial space for lease in New Westminster | HomeQuest","Find commercial space for lease in New Westminster, BC. Compare monthly costs, zoning and locations, and book a viewing with a local HomeQuest advisor.","Commercial space for lease in New Westminster, BC","pages/commercial-space-for-lease-new-westminster.html"
"/commercial-space-for-lease-richmond/","Commercial space for lease in Richmond, BC | HomeQuest","Find commercial space for lease in Richmond, BC. Compare monthly costs, zoning and locations, and book a viewing with a local HomeQuest advisor.","Commercial space for lease in Richmond, BC","pages/commercial-space-for-lease-richmond.html"
"/commercial-space-for-lease-surrey/","Commercial space for lease in Surrey, BC | HomeQuest","Find commercial space for lease in Surrey, BC. Compare monthly costs, zoning and locations, and book a viewing with a local HomeQuest advisor.","Commercial space for lease in Surrey, BC","pages/commercial-space-for-lease-surrey.html"
"/commercial-space-for-lease-vancouver/","Commercial space for lease in Vancouver, BC | HomeQuest","Find commercial space for lease in Vancouver, BC. Compare monthly costs, zoning and locations, and book a viewing with a local HomeQuest advisor.","Commercial space for lease in Vancouver, BC","pages/commercial-space-for-lease-vancouver.html"
"/commercial-property-for-sale/","Commercial property for sale | HomeQuest","Browse commercial property for sale in Metro Vancouver and the Fraser Valley. See typical prices, zoning and financing basics, and talk to a local HomeQuest…","Commercial property for sale in Metro Vancouver and the Fraser Valley","pages/commercial-property-for-sale.html"
"/commercial-property-for-sale-abbotsford/","Commercial property for sale in Abbotsford, BC | HomeQuest","Browse commercial property for sale in Abbotsford, BC. See typical prices, zoning and financing basics, and talk to a local HomeQuest advisor.","Commercial property for sale in Abbotsford, BC","pages/commercial-property-for-sale-abbotsford.html"
"/commercial-property-for-sale-burnaby/","Commercial property for sale in Burnaby, BC | HomeQuest","Browse commercial property for sale in Burnaby, BC. See typical prices, zoning and financing basics, and talk to a local HomeQuest advisor.","Commercial property for sale in Burnaby, BC","pages/commercial-property-for-sale-burnaby.html"
"/commercial-property-for-sale-coquitlam/","Commercial property for sale in Coquitlam, BC | HomeQuest","Browse commercial property for sale in Coquitlam, BC. See typical prices, zoning and financing basics, and talk to a local HomeQuest advisor.","Commercial property for sale in Coquitlam, BC","pages/commercial-property-for-sale-coquitlam.html"
"/commercial-property-for-sale-delta/","Commercial property for sale in Delta, BC | HomeQuest","Browse commercial property for sale in Delta, BC. See typical prices, zoning and financing basics, and talk to a local HomeQuest advisor.","Commercial property for sale in Delta, BC","pages/commercial-property-for-sale-delta.html"
"/commercial-property-for-sale-langley/","Commercial property for sale in Langley, BC | HomeQuest","Browse commercial property for sale in Langley, BC. See typical prices, zoning and financing basics, and talk to a local HomeQuest advisor.","Commercial property for sale in Langley, BC","pages/commercial-property-for-sale-langley.html"
"/commercial-property-for-sale-new-westminster/","Commercial property for sale in New Westminster | HomeQuest","Browse commercial property for sale in New Westminster, BC. See typical prices, zoning and financing basics, and talk to a local HomeQuest advisor.","Commercial property for sale in New Westminster, BC","pages/commercial-property-for-sale-new-westminster.html"
"/commercial-property-for-sale-richmond/","Commercial property for sale in Richmond, BC | HomeQuest","Browse commercial property for sale in Richmond, BC. See typical prices, zoning and financing basics, and talk to a local HomeQuest advisor.","Commercial property for sale in Richmond, BC","pages/commercial-property-for-sale-richmond.html"
"/commercial-property-for-sale-surrey/","Commercial property for sale in Surrey, BC | HomeQuest","Browse commercial property for sale in Surrey, BC. See typical prices, zoning and financing basics, and talk to a local HomeQuest advisor.","Commercial property for sale in Surrey, BC","pages/commercial-property-for-sale-surrey.html"
"/commercial-property-for-sale-vancouver/","Commercial property for sale in Vancouver, BC | HomeQuest","Browse commercial property for sale in Vancouver, BC. See typical prices, zoning and financing basics, and talk to a local HomeQuest advisor.","Commercial property for sale in Vancouver, BC","pages/commercial-property-for-sale-vancouver.html"
"/businesses-for-sale/","Businesses for sale | HomeQuest","Businesses for sale in Metro Vancouver and the Fraser Valley. Compare sales and owner cash flow, sign an NDA for full details, and talk to a local advisor.","Businesses for sale in Metro Vancouver and the Fraser Valley","pages/businesses-for-sale.html"
"/businesses-for-sale-abbotsford/","Businesses for sale in Abbotsford, BC | HomeQuest","Businesses for sale in Abbotsford, BC. Compare sales and owner cash flow, sign an NDA for full details, and talk to a local advisor.","Businesses for sale in Abbotsford, BC","pages/businesses-for-sale-abbotsford.html"
"/businesses-for-sale-burnaby/","Businesses for sale in Burnaby, BC | HomeQuest","Businesses for sale in Burnaby, BC. Compare sales and owner cash flow, sign an NDA for full details, and talk to a local advisor.","Businesses for sale in Burnaby, BC","pages/businesses-for-sale-burnaby.html"
"/businesses-for-sale-coquitlam/","Businesses for sale in Coquitlam, BC | HomeQuest","Businesses for sale in Coquitlam, BC. Compare sales and owner cash flow, sign an NDA for full details, and talk to a local advisor.","Businesses for sale in Coquitlam, BC","pages/businesses-for-sale-coquitlam.html"
"/businesses-for-sale-delta/","Businesses for sale in Delta, BC | HomeQuest","Businesses for sale in Delta, BC. Compare sales and owner cash flow, sign an NDA for full details, and talk to a local advisor.","Businesses for sale in Delta, BC","pages/businesses-for-sale-delta.html"
"/businesses-for-sale-langley/","Businesses for sale in Langley, BC | HomeQuest","Businesses for sale in Langley, BC. Compare sales and owner cash flow, sign an NDA for full details, and talk to a local advisor.","Businesses for sale in Langley, BC","pages/businesses-for-sale-langley.html"
"/businesses-for-sale-new-westminster/","Businesses for sale in New Westminster, BC | HomeQuest","Businesses for sale in New Westminster, BC. Compare sales and owner cash flow, sign an NDA for full details, and talk to a local advisor.","Businesses for sale in New Westminster, BC","pages/businesses-for-sale-new-westminster.html"
"/businesses-for-sale-richmond/","Businesses for sale in Richmond, BC | HomeQuest","Businesses for sale in Richmond, BC. Compare sales and owner cash flow, sign an NDA for full details, and talk to a local advisor.","Businesses for sale in Richmond, BC","pages/businesses-for-sale-richmond.html"
"/businesses-for-sale-surrey/","Businesses for sale in Surrey, BC | HomeQuest","Businesses for sale in Surrey, BC. Compare sales and owner cash flow, sign an NDA for full details, and talk to a local advisor.","Businesses for sale in Surrey, BC","pages/businesses-for-sale-surrey.html"
"/businesses-for-sale-vancouver/","Businesses for sale in Vancouver, BC | HomeQuest","Businesses for sale in Vancouver, BC. Compare sales and owner cash flow, sign an NDA for full details, and talk to a local advisor.","Businesses for sale in Vancouver, BC","pages/businesses-for-sale-vancouver.html"
"/retail-space-for-lease/","Retail space for lease | HomeQuest","Find retail space for lease in Metro Vancouver and the Fraser Valley. Compare monthly costs, zoning and locations, and book a viewing with a local HomeQuest…","Retail space for lease in Metro Vancouver and the Fraser Valley","pages/retail-space-for-lease.html"
"/retail-space-for-lease-abbotsford/","Retail space for lease in Abbotsford, BC | HomeQuest","Find retail space for lease in Abbotsford, BC. Compare monthly costs, zoning and locations, and book a viewing with a local HomeQuest advisor.","Retail space for lease in Abbotsford, BC","pages/retail-space-for-lease-abbotsford.html"
"/retail-space-for-lease-burnaby/","Retail space for lease in Burnaby, BC | HomeQuest","Find retail space for lease in Burnaby, BC. Compare monthly costs, zoning and locations, and book a viewing with a local HomeQuest advisor.","Retail space for lease in Burnaby, BC","pages/retail-space-for-lease-burnaby.html"
"/retail-space-for-lease-coquitlam/","Retail space for lease in Coquitlam, BC | HomeQuest","Find retail space for lease in Coquitlam, BC. Compare monthly costs, zoning and locations, and book a viewing with a local HomeQuest advisor.","Retail space for lease in Coquitlam, BC","pages/retail-space-for-lease-coquitlam.html"
"/retail-space-for-lease-delta/","Retail space for lease in Delta, BC | HomeQuest","Find retail space for lease in Delta, BC. Compare monthly costs, zoning and locations, and book a viewing with a local HomeQuest advisor.","Retail space for lease in Delta, BC","pages/retail-space-for-lease-delta.html"
"/retail-space-for-lease-langley/","Retail space for lease in Langley, BC | HomeQuest","Find retail space for lease in Langley, BC. Compare monthly costs, zoning and locations, and book a viewing with a local HomeQuest advisor.","Retail space for lease in Langley, BC","pages/retail-space-for-lease-langley.html"
"/retail-space-for-lease-new-westminster/","Retail space for lease in New Westminster, BC | HomeQuest","Find retail space for lease in New Westminster, BC. Compare monthly costs, zoning and locations, and book a viewing with a local HomeQuest advisor.","Retail space for lease in New Westminster, BC","pages/retail-space-for-lease-new-westminster.html"
"/retail-space-for-lease-richmond/","Retail space for lease in Richmond, BC | HomeQuest","Find retail space for lease in Richmond, BC. Compare monthly costs, zoning and locations, and book a viewing with a local HomeQuest advisor.","Retail space for lease in Richmond, BC","pages/retail-space-for-lease-richmond.html"
"/retail-space-for-lease-surrey/","Retail space for lease in Surrey, BC | HomeQuest","Find retail space for lease in Surrey, BC. Compare monthly costs, zoning and locations, and book a viewing with a local HomeQuest advisor.","Retail space for lease in Surrey, BC","pages/retail-space-for-lease-surrey.html"
"/retail-space-for-lease-vancouver/","Retail space for lease in Vancouver, BC | HomeQuest","Find retail space for lease in Vancouver, BC. Compare monthly costs, zoning and locations, and book a viewing with a local HomeQuest advisor.","Retail space for lease in Vancouver, BC","pages/retail-space-for-lease-vancouver.html"
"/office-space-for-lease/","Office space for lease | HomeQuest","Find office space for lease in Metro Vancouver and the Fraser Valley. Compare monthly costs, zoning and locations, and book a viewing with a local HomeQuest…","Office space for lease in Metro Vancouver and the Fraser Valley","pages/office-space-for-lease.html"
"/office-space-for-lease-abbotsford/","Office space for lease in Abbotsford, BC | HomeQuest","Find office space for lease in Abbotsford, BC. Compare monthly costs, zoning and locations, and book a viewing with a local HomeQuest advisor.","Office space for lease in Abbotsford, BC","pages/office-space-for-lease-abbotsford.html"
"/office-space-for-lease-burnaby/","Office space for lease in Burnaby, BC | HomeQuest","Find office space for lease in Burnaby, BC. Compare monthly costs, zoning and locations, and book a viewing with a local HomeQuest advisor.","Office space for lease in Burnaby, BC","pages/office-space-for-lease-burnaby.html"
"/office-space-for-lease-coquitlam/","Office space for lease in Coquitlam, BC | HomeQuest","Find office space for lease in Coquitlam, BC. Compare monthly costs, zoning and locations, and book a viewing with a local HomeQuest advisor.","Office space for lease in Coquitlam, BC","pages/office-space-for-lease-coquitlam.html"
"/office-space-for-lease-delta/","Office space for lease in Delta, BC | HomeQuest","Find office space for lease in Delta, BC. Compare monthly costs, zoning and locations, and book a viewing with a local HomeQuest advisor.","Office space for lease in Delta, BC","pages/office-space-for-lease-delta.html"
"/office-space-for-lease-langley/","Office space for lease in Langley, BC | HomeQuest","Find office space for lease in Langley, BC. Compare monthly costs, zoning and locations, and book a viewing with a local HomeQuest advisor.","Office space for lease in Langley, BC","pages/office-space-for-lease-langley.html"
"/office-space-for-lease-new-westminster/","Office space for lease in New Westminster, BC | HomeQuest","Find office space for lease in New Westminster, BC. Compare monthly costs, zoning and locations, and book a viewing with a local HomeQuest advisor.","Office space for lease in New Westminster, BC","pages/office-space-for-lease-new-westminster.html"
"/office-space-for-lease-richmond/","Office space for lease in Richmond, BC | HomeQuest","Find office space for lease in Richmond, BC. Compare monthly costs, zoning and locations, and book a viewing with a local HomeQuest advisor.","Office space for lease in Richmond, BC","pages/office-space-for-lease-richmond.html"
"/office-space-for-lease-surrey/","Office space for lease in Surrey, BC | HomeQuest","Find office space for lease in Surrey, BC. Compare monthly costs, zoning and locations, and book a viewing with a local HomeQuest advisor.","Office space for lease in Surrey, BC","pages/office-space-for-lease-surrey.html"
"/office-space-for-lease-vancouver/","Office space for lease in Vancouver, BC | HomeQuest","Find office space for lease in Vancouver, BC. Compare monthly costs, zoning and locations, and book a viewing with a local HomeQuest advisor.","Office space for lease in Vancouver, BC","pages/office-space-for-lease-vancouver.html"
"/industrial-warehouse-space-for-lease/","Industrial and warehouse space for lease | HomeQuest","Find industrial and warehouse space for lease in Metro Vancouver and the Fraser Valley. Compare monthly costs, zoning and locations, and book a viewing with…","Industrial and warehouse space for lease in Metro Vancouver and the Fraser Valley","pages/industrial-warehouse-space-for-lease.html"
"/industrial-warehouse-space-for-lease-abbotsford/","Industrial and warehouse space for lease in Abbotsford, BC","Find industrial and warehouse space for lease in Abbotsford, BC. Compare monthly costs, zoning and locations, and book a viewing with a local HomeQuest…","Industrial and warehouse space for lease in Abbotsford, BC","pages/industrial-warehouse-space-for-lease-abbotsford.html"
"/industrial-warehouse-space-for-lease-burnaby/","Industrial and warehouse space for lease in Burnaby, BC","Find industrial and warehouse space for lease in Burnaby, BC. Compare monthly costs, zoning and locations, and book a viewing with a local HomeQuest advisor.","Industrial and warehouse space for lease in Burnaby, BC","pages/industrial-warehouse-space-for-lease-burnaby.html"
"/industrial-warehouse-space-for-lease-coquitlam/","Industrial and warehouse space for lease in Coquitlam, BC","Find industrial and warehouse space for lease in Coquitlam, BC. Compare monthly costs, zoning and locations, and book a viewing with a local HomeQuest…","Industrial and warehouse space for lease in Coquitlam, BC","pages/industrial-warehouse-space-for-lease-coquitlam.html"
"/industrial-warehouse-space-for-lease-delta/","Industrial and warehouse space for lease in Delta, BC","Find industrial and warehouse space for lease in Delta, BC. Compare monthly costs, zoning and locations, and book a viewing with a local HomeQuest advisor.","Industrial and warehouse space for lease in Delta, BC","pages/industrial-warehouse-space-for-lease-delta.html"
"/industrial-warehouse-space-for-lease-langley/","Industrial and warehouse space for lease in Langley, BC","Find industrial and warehouse space for lease in Langley, BC. Compare monthly costs, zoning and locations, and book a viewing with a local HomeQuest advisor.","Industrial and warehouse space for lease in Langley, BC","pages/industrial-warehouse-space-for-lease-langley.html"
"/industrial-warehouse-space-for-lease-new-westminster/","Industrial and warehouse space for lease in New Westminster","Find industrial and warehouse space for lease in New Westminster, BC. Compare monthly costs, zoning and locations, and book a viewing with a local HomeQuest…","Industrial and warehouse space for lease in New Westminster, BC","pages/industrial-warehouse-space-for-lease-new-westminster.html"
"/industrial-warehouse-space-for-lease-richmond/","Industrial and warehouse space for lease in Richmond, BC","Find industrial and warehouse space for lease in Richmond, BC. Compare monthly costs, zoning and locations, and book a viewing with a local HomeQuest advisor.","Industrial and warehouse space for lease in Richmond, BC","pages/industrial-warehouse-space-for-lease-richmond.html"
"/industrial-warehouse-space-for-lease-surrey/","Industrial and warehouse space for lease in Surrey, BC","Find industrial and warehouse space for lease in Surrey, BC. Compare monthly costs, zoning and locations, and book a viewing with a local HomeQuest advisor.","Industrial and warehouse space for lease in Surrey, BC","pages/industrial-warehouse-space-for-lease-surrey.html"
"/industrial-warehouse-space-for-lease-vancouver/","Industrial and warehouse space for lease in Vancouver, BC","Find industrial and warehouse space for lease in Vancouver, BC. Compare monthly costs, zoning and locations, and book a viewing with a local HomeQuest…","Industrial and warehouse space for lease in Vancouver, BC","pages/industrial-warehouse-space-for-lease-vancouver.html"
"/restaurant-space-for-lease/","Restaurant space for lease | HomeQuest","Find restaurant space for lease in Metro Vancouver and the Fraser Valley. Compare monthly costs, zoning and locations, and book a viewing with a local…","Restaurant space for lease in Metro Vancouver and the Fraser Valley","pages/restaurant-space-for-lease.html"
"/restaurant-space-for-lease-abbotsford/","Restaurant space for lease in Abbotsford, BC | HomeQuest","Find restaurant space for lease in Abbotsford, BC. Compare monthly costs, zoning and locations, and book a viewing with a local HomeQuest advisor.","Restaurant space for lease in Abbotsford, BC","pages/restaurant-space-for-lease-abbotsford.html"
"/restaurant-space-for-lease-burnaby/","Restaurant space for lease in Burnaby, BC | HomeQuest","Find restaurant space for lease in Burnaby, BC. Compare monthly costs, zoning and locations, and book a viewing with a local HomeQuest advisor.","Restaurant space for lease in Burnaby, BC","pages/restaurant-space-for-lease-burnaby.html"
"/restaurant-space-for-lease-coquitlam/","Restaurant space for lease in Coquitlam, BC | HomeQuest","Find restaurant space for lease in Coquitlam, BC. Compare monthly costs, zoning and locations, and book a viewing with a local HomeQuest advisor.","Restaurant space for lease in Coquitlam, BC","pages/restaurant-space-for-lease-coquitlam.html"
"/restaurant-space-for-lease-delta/","Restaurant space for lease in Delta, BC | HomeQuest","Find restaurant space for lease in Delta, BC. Compare monthly costs, zoning and locations, and book a viewing with a local HomeQuest advisor.","Restaurant space for lease in Delta, BC","pages/restaurant-space-for-lease-delta.html"
"/restaurant-space-for-lease-langley/","Restaurant space for lease in Langley, BC | HomeQuest","Find restaurant space for lease in Langley, BC. Compare monthly costs, zoning and locations, and book a viewing with a local HomeQuest advisor.","Restaurant space for lease in Langley, BC","pages/restaurant-space-for-lease-langley.html"
"/restaurant-space-for-lease-new-westminster/","Restaurant space for lease in New Westminster | HomeQuest","Find restaurant space for lease in New Westminster, BC. Compare monthly costs, zoning and locations, and book a viewing with a local HomeQuest advisor.","Restaurant space for lease in New Westminster, BC","pages/restaurant-space-for-lease-new-westminster.html"
"/restaurant-space-for-lease-richmond/","Restaurant space for lease in Richmond, BC | HomeQuest","Find restaurant space for lease in Richmond, BC. Compare monthly costs, zoning and locations, and book a viewing with a local HomeQuest advisor.","Restaurant space for lease in Richmond, BC","pages/restaurant-space-for-lease-richmond.html"
"/restaurant-space-for-lease-surrey/","Restaurant space for lease in Surrey, BC | HomeQuest","Find restaurant space for lease in Surrey, BC. Compare monthly costs, zoning and locations, and book a viewing with a local HomeQuest advisor.","Restaurant space for lease in Surrey, BC","pages/restaurant-space-for-lease-surrey.html"
"/restaurant-space-for-lease-vancouver/","Restaurant space for lease in Vancouver, BC | HomeQuest","Find restaurant space for lease in Vancouver, BC. Compare monthly costs, zoning and locations, and book a viewing with a local HomeQuest advisor.","Restaurant space for lease in Vancouver, BC","pages/restaurant-space-for-lease-vancouver.html"
"/retail-property-for-sale/","Retail property for sale | HomeQuest","Browse retail property for sale in Metro Vancouver and the Fraser Valley. See typical prices, zoning and financing basics, and talk to a local HomeQuest…","Retail property for sale in Metro Vancouver and the Fraser Valley","pages/retail-property-for-sale.html"
"/retail-property-for-sale-abbotsford/","Retail property for sale in Abbotsford, BC | HomeQuest","Browse retail property for sale in Abbotsford, BC. See typical prices, zoning and financing basics, and talk to a local HomeQuest advisor.","Retail property for sale in Abbotsford, BC","pages/retail-property-for-sale-abbotsford.html"
"/retail-property-for-sale-burnaby/","Retail property for sale in Burnaby, BC | HomeQuest","Browse retail property for sale in Burnaby, BC. See typical prices, zoning and financing basics, and talk to a local HomeQuest advisor.","Retail property for sale in Burnaby, BC","pages/retail-property-for-sale-burnaby.html"
"/retail-property-for-sale-coquitlam/","Retail property for sale in Coquitlam, BC | HomeQuest","Browse retail property for sale in Coquitlam, BC. See typical prices, zoning and financing basics, and talk to a local HomeQuest advisor.","Retail property for sale in Coquitlam, BC","pages/retail-property-for-sale-coquitlam.html"
"/retail-property-for-sale-delta/","Retail property for sale in Delta, BC | HomeQuest","Browse retail property for sale in Delta, BC. See typical prices, zoning and financing basics, and talk to a local HomeQuest advisor.","Retail property for sale in Delta, BC","pages/retail-property-for-sale-delta.html"
"/retail-property-for-sale-langley/","Retail property for sale in Langley, BC | HomeQuest","Browse retail property for sale in Langley, BC. See typical prices, zoning and financing basics, and talk to a local HomeQuest advisor.","Retail property for sale in Langley, BC","pages/retail-property-for-sale-langley.html"
"/retail-property-for-sale-new-westminster/","Retail property for sale in New Westminster, BC | HomeQuest","Browse retail property for sale in New Westminster, BC. See typical prices, zoning and financing basics, and talk to a local HomeQuest advisor.","Retail property for sale in New Westminster, BC","pages/retail-property-for-sale-new-westminster.html"
"/retail-property-for-sale-richmond/","Retail property for sale in Richmond, BC | HomeQuest","Browse retail property for sale in Richmond, BC. See typical prices, zoning and financing basics, and talk to a local HomeQuest advisor.","Retail property for sale in Richmond, BC","pages/retail-property-for-sale-richmond.html"
"/retail-property-for-sale-surrey/","Retail property for sale in Surrey, BC | HomeQuest","Browse retail property for sale in Surrey, BC. See typical prices, zoning and financing basics, and talk to a local HomeQuest advisor.","Retail property for sale in Surrey, BC","pages/retail-property-for-sale-surrey.html"
"/retail-property-for-sale-vancouver/","Retail property for sale in Vancouver, BC | HomeQuest","Browse retail property for sale in Vancouver, BC. See typical prices, zoning and financing basics, and talk to a local HomeQuest advisor.","Retail property for sale in Vancouver, BC","pages/retail-property-for-sale-vancouver.html"
"/office-property-for-sale/","Office property for sale | HomeQuest","Browse office property for sale in Metro Vancouver and the Fraser Valley. See typical prices, zoning and financing basics, and talk to a local HomeQuest…","Office property for sale in Metro Vancouver and the Fraser Valley","pages/office-property-for-sale.html"
"/office-property-for-sale-abbotsford/","Office property for sale in Abbotsford, BC | HomeQuest","Browse office property for sale in Abbotsford, BC. See typical prices, zoning and financing basics, and talk to a local HomeQuest advisor.","Office property for sale in Abbotsford, BC","pages/office-property-for-sale-abbotsford.html"
"/office-property-for-sale-burnaby/","Office property for sale in Burnaby, BC | HomeQuest","Browse office property for sale in Burnaby, BC. See typical prices, zoning and financing basics, and talk to a local HomeQuest advisor.","Office property for sale in Burnaby, BC","pages/office-property-for-sale-burnaby.html"
"/office-property-for-sale-coquitlam/","Office property for sale in Coquitlam, BC | HomeQuest","Browse office property for sale in Coquitlam, BC. See typical prices, zoning and financing basics, and talk to a local HomeQuest advisor.","Office property for sale in Coquitlam, BC","pages/office-property-for-sale-coquitlam.html"
"/office-property-for-sale-delta/","Office property for sale in Delta, BC | HomeQuest","Browse office property for sale in Delta, BC. See typical prices, zoning and financing basics, and talk to a local HomeQuest advisor.","Office property for sale in Delta, BC","pages/office-property-for-sale-delta.html"
"/office-property-for-sale-langley/","Office property for sale in Langley, BC | HomeQuest","Browse office property for sale in Langley, BC. See typical prices, zoning and financing basics, and talk to a local HomeQuest advisor.","Office property for sale in Langley, BC","pages/office-property-for-sale-langley.html"
"/office-property-for-sale-new-westminster/","Office property for sale in New Westminster, BC | HomeQuest","Browse office property for sale in New Westminster, BC. See typical prices, zoning and financing basics, and talk to a local HomeQuest advisor.","Office property for sale in New Westminster, BC","pages/office-property-for-sale-new-westminster.html"
"/office-property-for-sale-richmond/","Office property for sale in Richmond, BC | HomeQuest","Browse office property for sale in Richmond, BC. See typical prices, zoning and financing basics, and talk to a local HomeQuest advisor.","Office property for sale in Richmond, BC","pages/office-property-for-sale-richmond.html"
"/office-property-for-sale-surrey/","Office property for sale in Surrey, BC | HomeQuest","Browse office property for sale in Surrey, BC. See typical prices, zoning and financing basics, and talk to a local HomeQuest advisor.","Office property for sale in Surrey, BC","pages/office-property-for-sale-surrey.html"
"/office-property-for-sale-vancouver/","Office property for sale in Vancouver, BC | HomeQuest","Browse office property for sale in Vancouver, BC. See typical prices, zoning and financing basics, and talk to a local HomeQuest advisor.","Office property for sale in Vancouver, BC","pages/office-property-for-sale-vancouver.html"
"/industrial-property-for-sale/","Industrial property for sale | HomeQuest","Browse industrial property for sale in Metro Vancouver and the Fraser Valley. See typical prices, zoning and financing basics, and talk to a local HomeQuest…","Industrial property for sale in Metro Vancouver and the Fraser Valley","pages/industrial-property-for-sale.html"
"/industrial-property-for-sale-abbotsford/","Industrial property for sale in Abbotsford, BC | HomeQuest","Browse industrial property for sale in Abbotsford, BC. See typical prices, zoning and financing basics, and talk to a local HomeQuest advisor.","Industrial property for sale in Abbotsford, BC","pages/industrial-property-for-sale-abbotsford.html"
"/industrial-property-for-sale-burnaby/","Industrial property for sale in Burnaby, BC | HomeQuest","Browse industrial property for sale in Burnaby, BC. See typical prices, zoning and financing basics, and talk to a local HomeQuest advisor.","Industrial property for sale in Burnaby, BC","pages/industrial-property-for-sale-burnaby.html"
"/industrial-property-for-sale-coquitlam/","Industrial property for sale in Coquitlam, BC | HomeQuest","Browse industrial property for sale in Coquitlam, BC. See typical prices, zoning and financing basics, and talk to a local HomeQuest advisor.","Industrial property for sale in Coquitlam, BC","pages/industrial-property-for-sale-coquitlam.html"
"/industrial-property-for-sale-delta/","Industrial property for sale in Delta, BC | HomeQuest","Browse industrial property for sale in Delta, BC. See typical prices, zoning and financing basics, and talk to a local HomeQuest advisor.","Industrial property for sale in Delta, BC","pages/industrial-property-for-sale-delta.html"
"/industrial-property-for-sale-langley/","Industrial property for sale in Langley, BC | HomeQuest","Browse industrial property for sale in Langley, BC. See typical prices, zoning and financing basics, and talk to a local HomeQuest advisor.","Industrial property for sale in Langley, BC","pages/industrial-property-for-sale-langley.html"
"/industrial-property-for-sale-new-westminster/","Industrial property for sale in New Westminster | HomeQuest","Browse industrial property for sale in New Westminster, BC. See typical prices, zoning and financing basics, and talk to a local HomeQuest advisor.","Industrial property for sale in New Westminster, BC","pages/industrial-property-for-sale-new-westminster.html"
"/industrial-property-for-sale-richmond/","Industrial property for sale in Richmond, BC | HomeQuest","Browse industrial property for sale in Richmond, BC. See typical prices, zoning and financing basics, and talk to a local HomeQuest advisor.","Industrial property for sale in Richmond, BC","pages/industrial-property-for-sale-richmond.html"
"/industrial-property-for-sale-surrey/","Industrial property for sale in Surrey, BC | HomeQuest","Browse industrial property for sale in Surrey, BC. See typical prices, zoning and financing basics, and talk to a local HomeQuest advisor.","Industrial property for sale in Surrey, BC","pages/industrial-property-for-sale-surrey.html"
"/industrial-property-for-sale-vancouver/","Industrial property for sale in Vancouver, BC | HomeQuest","Browse industrial property for sale in Vancouver, BC. See typical prices, zoning and financing basics, and talk to a local HomeQuest advisor.","Industrial property for sale in Vancouver, BC","pages/industrial-property-for-sale-vancouver.html"
"/investment-property-for-sale/","Investment property for sale | HomeQuest","Browse investment property for sale in Metro Vancouver and the Fraser Valley. See typical prices, zoning and financing basics, and talk to a local HomeQuest…","Investment property for sale in Metro Vancouver and the Fraser Valley","pages/investment-property-for-sale.html"
"/investment-property-for-sale-abbotsford/","Investment property for sale in Abbotsford, BC | HomeQuest","Browse investment property for sale in Abbotsford, BC. See typical prices, zoning and financing basics, and talk to a local HomeQuest advisor.","Investment property for sale in Abbotsford, BC","pages/investment-property-for-sale-abbotsford.html"
"/investment-property-for-sale-burnaby/","Investment property for sale in Burnaby, BC | HomeQuest","Browse investment property for sale in Burnaby, BC. See typical prices, zoning and financing basics, and talk to a local HomeQuest advisor.","Investment property for sale in Burnaby, BC","pages/investment-property-for-sale-burnaby.html"
"/investment-property-for-sale-coquitlam/","Investment property for sale in Coquitlam, BC | HomeQuest","Browse investment property for sale in Coquitlam, BC. See typical prices, zoning and financing basics, and talk to a local HomeQuest advisor.","Investment property for sale in Coquitlam, BC","pages/investment-property-for-sale-coquitlam.html"
"/investment-property-for-sale-delta/","Investment property for sale in Delta, BC | HomeQuest","Browse investment property for sale in Delta, BC. See typical prices, zoning and financing basics, and talk to a local HomeQuest advisor.","Investment property for sale in Delta, BC","pages/investment-property-for-sale-delta.html"
"/investment-property-for-sale-langley/","Investment property for sale in Langley, BC | HomeQuest","Browse investment property for sale in Langley, BC. See typical prices, zoning and financing basics, and talk to a local HomeQuest advisor.","Investment property for sale in Langley, BC","pages/investment-property-for-sale-langley.html"
"/investment-property-for-sale-new-westminster/","Investment property for sale in New Westminster | HomeQuest","Browse investment property for sale in New Westminster, BC. See typical prices, zoning and financing basics, and talk to a local HomeQuest advisor.","Investment property for sale in New Westminster, BC","pages/investment-property-for-sale-new-westminster.html"
"/investment-property-for-sale-richmond/","Investment property for sale in Richmond, BC | HomeQuest","Browse investment property for sale in Richmond, BC. See typical prices, zoning and financing basics, and talk to a local HomeQuest advisor.","Investment property for sale in Richmond, BC","pages/investment-property-for-sale-richmond.html"
"/investment-property-for-sale-surrey/","Investment property for sale in Surrey, BC | HomeQuest","Browse investment property for sale in Surrey, BC. See typical prices, zoning and financing basics, and talk to a local HomeQuest advisor.","Investment property for sale in Surrey, BC","pages/investment-property-for-sale-surrey.html"
"/investment-property-for-sale-vancouver/","Investment property for sale in Vancouver, BC | HomeQuest","Browse investment property for sale in Vancouver, BC. See typical prices, zoning and financing basics, and talk to a local HomeQuest advisor.","Investment property for sale in Vancouver, BC","pages/investment-property-for-sale-vancouver.html"
"/commercial-land-for-sale/","Commercial and industrial land for sale | HomeQuest","Browse commercial and industrial land for sale in Metro Vancouver and the Fraser Valley. See typical prices, zoning and financing basics, and talk to a…","Commercial and industrial land for sale in Metro Vancouver and the Fraser Valley","pages/commercial-land-for-sale.html"
"/commercial-land-for-sale-abbotsford/","Commercial and industrial land for sale in Abbotsford, BC","Browse commercial and industrial land for sale in Abbotsford, BC. See typical prices, zoning and financing basics, and talk to a local HomeQuest advisor.","Commercial and industrial land for sale in Abbotsford, BC","pages/commercial-land-for-sale-abbotsford.html"
"/commercial-land-for-sale-burnaby/","Commercial and industrial land for sale in Burnaby, BC","Browse commercial and industrial land for sale in Burnaby, BC. See typical prices, zoning and financing basics, and talk to a local HomeQuest advisor.","Commercial and industrial land for sale in Burnaby, BC","pages/commercial-land-for-sale-burnaby.html"
"/commercial-land-for-sale-coquitlam/","Commercial and industrial land for sale in Coquitlam, BC","Browse commercial and industrial land for sale in Coquitlam, BC. See typical prices, zoning and financing basics, and talk to a local HomeQuest advisor.","Commercial and industrial land for sale in Coquitlam, BC","pages/commercial-land-for-sale-coquitlam.html"
"/commercial-land-for-sale-delta/","Commercial and industrial land for sale in Delta | HomeQuest","Browse commercial and industrial land for sale in Delta, BC. See typical prices, zoning and financing basics, and talk to a local HomeQuest advisor.","Commercial and industrial land for sale in Delta, BC","pages/commercial-land-for-sale-delta.html"
"/commercial-land-for-sale-langley/","Commercial and industrial land for sale in Langley, BC","Browse commercial and industrial land for sale in Langley, BC. See typical prices, zoning and financing basics, and talk to a local HomeQuest advisor.","Commercial and industrial land for sale in Langley, BC","pages/commercial-land-for-sale-langley.html"
"/commercial-land-for-sale-new-westminster/","Commercial and industrial land for sale in New Westminster","Browse commercial and industrial land for sale in New Westminster, BC. See typical prices, zoning and financing basics, and talk to a local HomeQuest advisor.","Commercial and industrial land for sale in New Westminster, BC","pages/commercial-land-for-sale-new-westminster.html"
"/commercial-land-for-sale-richmond/","Commercial and industrial land for sale in Richmond, BC","Browse commercial and industrial land for sale in Richmond, BC. See typical prices, zoning and financing basics, and talk to a local HomeQuest advisor.","Commercial and industrial land for sale in Richmond, BC","pages/commercial-land-for-sale-richmond.html"
"/commercial-land-for-sale-surrey/","Commercial and industrial land for sale in Surrey, BC","Browse commercial and industrial land for sale in Surrey, BC. See typical prices, zoning and financing basics, and talk to a local HomeQuest advisor.","Commercial and industrial land for sale in Surrey, BC","pages/commercial-land-for-sale-surrey.html"
"/commercial-land-for-sale-vancouver/","Commercial and industrial land for sale in Vancouver, BC","Browse commercial and industrial land for sale in Vancouver, BC. See typical prices, zoning and financing basics, and talk to a local HomeQuest advisor.","Commercial and industrial land for sale in Vancouver, BC","pages/commercial-land-for-sale-vancouver.html"
"/commercial-real-estate-abbotsford/","Commercial Real Estate in Abbotsford, BC | HomeQuest","Commercial space for lease, property for sale and businesses for sale in Abbotsford, BC. Local areas, typical prices and advice from HomeQuest.","Commercial real estate in Abbotsford, BC","pages/commercial-real-estate-abbotsford.html"
"/commercial-real-estate-burnaby/","Commercial Real Estate in Burnaby, BC | HomeQuest","Commercial space for lease, property for sale and businesses for sale in Burnaby, BC. Local areas, typical prices and advice from HomeQuest.","Commercial real estate in Burnaby, BC","pages/commercial-real-estate-burnaby.html"
"/commercial-real-estate-coquitlam/","Commercial Real Estate in Coquitlam, BC | HomeQuest","Commercial space for lease, property for sale and businesses for sale in Coquitlam, BC. Local areas, typical prices and advice from HomeQuest.","Commercial real estate in Coquitlam, BC","pages/commercial-real-estate-coquitlam.html"
"/commercial-real-estate-delta/","Commercial Real Estate in Delta, BC | HomeQuest","Commercial space for lease, property for sale and businesses for sale in Delta, BC. Local areas, typical prices and advice from HomeQuest.","Commercial real estate in Delta, BC","pages/commercial-real-estate-delta.html"
"/commercial-real-estate-langley/","Commercial Real Estate in Langley, BC | HomeQuest","Commercial space for lease, property for sale and businesses for sale in Langley, BC. Local areas, typical prices and advice from HomeQuest.","Commercial real estate in Langley, BC","pages/commercial-real-estate-langley.html"
"/commercial-real-estate-new-westminster/","Commercial Real Estate in New Westminster, BC | HomeQuest","Commercial space for lease, property for sale and businesses for sale in New Westminster, BC. Local areas, typical prices and advice from HomeQuest.","Commercial real estate in New Westminster, BC","pages/commercial-real-estate-new-westminster.html"
"/commercial-real-estate-richmond/","Commercial Real Estate in Richmond, BC | HomeQuest","Commercial space for lease, property for sale and businesses for sale in Richmond, BC. Local areas, typical prices and advice from HomeQuest.","Commercial real estate in Richmond, BC","pages/commercial-real-estate-richmond.html"
"/commercial-real-estate-surrey/","Commercial Real Estate in Surrey, BC | HomeQuest","Commercial space for lease, property for sale and businesses for sale in Surrey, BC. Local areas, typical prices and advice from HomeQuest.","Commercial real estate in Surrey, BC","pages/commercial-real-estate-surrey.html"
"/commercial-real-estate-vancouver/","Commercial Real Estate in Vancouver, BC | HomeQuest","Commercial space for lease, property for sale and businesses for sale in Vancouver, BC. Local areas, typical prices and advice from HomeQuest.","Commercial real estate in Vancouver, BC","pages/commercial-real-estate-vancouver.html"
"/commercial-real-estate-guides/","Commercial Real Estate Guides for BC | HomeQuest","Guides to leasing, buying and investing in BC commercial real estate: lease costs, net vs. gross leases, zoning, cap rates and buying a business.","Commercial real estate guides","pages/commercial-real-estate-guides.html"
"/how-to-lease-commercial-space/","How to lease commercial space: a step-by-step guide","The steps from working out what you need to getting the keys, with typical timelines for each. A practical guide for businesses in Metro Vancouver and the…","How to lease commercial space: a step-by-step guide","pages/how-to-lease-commercial-space.html"
"/commercial-lease-costs/","What commercial space really costs each month | HomeQuest","How base rent, additional rent and GST add up, with a worked example. A practical guide for businesses in Metro Vancouver and the Fraser Valley.","What commercial space really costs each month","pages/commercial-lease-costs.html"
"/net-vs-gross-lease/","Net vs. gross leases, explained | HomeQuest","Two ways landlords charge for building costs, and how to compare them. A practical guide for businesses in Metro Vancouver and the Fraser Valley.","Net vs. gross leases, explained","pages/net-vs-gross-lease.html"
"/buying-a-business-checklist/","Buying a small business: a practical checklist | HomeQuest","How businesses are priced, what to check, and how the process works from NDA to closing. A practical guide for businesses in Metro Vancouver and the Fraser…","Buying a small business: a practical checklist","pages/buying-a-business-checklist.html"
"/commercial-zoning-bc/","Commercial zoning in BC: what it allows and how to check","What zoning is, how to check what a property allows, and what to do if your use isn’t permitted. A practical guide for businesses in Metro Vancouver and the…","Commercial zoning in BC: what it allows and how to check","pages/commercial-zoning-bc.html"
"/cap-rates-explained/","Cap rates explained for first-time investors | HomeQuest","How to calculate a cap rate, what it tells you, and what it doesn’t. A practical guide for businesses in Metro Vancouver and the Fraser Valley.","Cap rates explained for first-time investors","pages/cap-rates-explained.html"
"/lease-or-buy-commercial-property/","Should your business lease or buy its space? | HomeQuest","The trade-offs between leasing and owning, and a quick way to compare them. A practical guide for businesses in Metro Vancouver and the Fraser Valley.","Should your business lease or buy its space?","pages/lease-or-buy-commercial-property.html"
"/commercial-real-estate-glossary/","Commercial Real Estate Glossary | HomeQuest","Additional rent, cap rate, net lease, zoning, SDE and other commercial real estate terms, defined with examples for tenants, buyers and investors in BC.","Commercial real estate glossary","pages/commercial-real-estate-glossary.html"
"/help-me-choose/","What Commercial Property Do I Need? | HomeQuest","Opening a shop, restaurant, office or warehouse, buying a business or investing? See which commercial property types fit your plans and where to start.","Not sure what kind of commercial property you need?","pages/help-me-choose.html"
"/contact/","Contact a Commercial Real Estate Advisor | HomeQuest","Looking for commercial space or a business in Metro Vancouver? Tell HomeQuest what you need and an advisor will reply within one business day.","Talk to a commercial real estate advisor","pages/contact.html"
